pk,season,type,startDate,endDate,status,teamAwayID,teamHomeID
2021020001,20212022,R,2021-10-12T23:30:00Z,2021-10-13T02:17:13Z,Final,5,14
2021020002,20212022,R,2021-10-13T02:00:00Z,2021-10-13T04:51:44Z,Final,55,54
2021020003,20212022,R,2021-10-13T23:00:00Z,2021-10-14T02:19:11Z,Final,8,10
2021020004,20212022,R,2021-10-13T23:30:00Z,2021-10-14T02:09:32Z,Final,3,15
2021020005,20212022,R,2021-10-14T02:00:00Z,2021-10-14T04:48:08Z,Final,16,21
2021020006,20212022,R,2021-10-14T02:00:00Z,2021-10-14T04:58:21Z,Final,23,22
2021020007,20212022,R,2021-10-14T23:00:00Z,2021-10-15T01:41:10Z,Final,8,7
2021020008,20212022,R,2021-10-14T23:00:00Z,2021-10-15T01:41:21Z,Final,10,9
2021020009,20212022,R,2021-10-14T23:30:00Z,2021-10-15T02:36:37Z,Final,14,17
2021020010,20212022,R,2021-10-14T23:00:00Z,2021-10-15T01:50:37Z,Final,5,13
2021020011,20212022,R,2021-10-14T23:00:00Z,2021-10-15T01:54:29Z,Final,25,3
2021020012,20212022,R,2021-10-14T23:00:00Z,2021-10-15T02:00:50Z,Final,2,12
2021020013,20212022,R,2021-10-14T23:00:00Z,2021-10-15T01:48:23Z,Final,53,29
2021020014,20212022,R,2021-10-15T00:00:00Z,2021-10-15T02:48:11Z,Final,55,18
2021020015,20212022,R,2021-10-14T02:00:00Z,2021-10-14T04:45:06Z,Final,52,24
2021020016,20212022,R,2021-10-15T02:30:00Z,2021-10-15T05:17:39Z,Final,54,26
2021020017,20212022,R,2021-10-15T23:00:00Z,2021-10-16T01:42:46Z,Final,16,1
2021020018,20212022,R,2021-10-15T23:00:00Z,2021-10-16T01:58:45Z,Final,23,4
2021020019,20212022,R,2021-10-16T02:00:00Z,2021-10-16T04:42:29Z,Final,30,24
2021020020,20212022,R,2021-10-16T23:00:00Z,2021-10-17T01:46:11Z,Final,25,6
2021020021,20212022,R,2021-10-16T17:00:00Z,2021-10-16T19:35:52Z,Final,53,7
2021020022,20212022,R,2021-10-16T23:00:00Z,2021-10-17T01:44:54Z,Final,9,10
2021020023,20212022,R,2021-10-16T23:00:00Z,2021-10-17T01:58:48Z,Final,3,8
2021020024,20212022,R,2021-10-16T23:00:00Z,2021-10-17T01:53:51Z,Final,23,17
2021020025,20212022,R,2021-10-16T22:00:00Z,2021-10-17T00:46:47Z,Final,2,13
2021020026,20212022,R,2021-10-16T23:00:00Z,2021-10-17T01:30:34Z,Final,16,5
2021020027,20212022,R,2021-10-16T23:00:00Z,2021-10-17T01:53:27Z,Final,14,15
2021020028,20212022,R,2021-10-16T23:00:00Z,2021-10-17T01:34:49Z,Final,55,29
2021020029,20212022,R,2021-10-17T00:00:00Z,2021-10-17T02:44:51Z,Final,12,18
2021020030,20212022,R,2021-10-17T01:00:00Z,2021-10-17T03:43:20Z,Final,19,21
2021020031,20212022,R,2021-10-17T02:00:00Z,2021-10-17T04:47:20Z,Final,20,22
2021020032,20212022,R,2021-10-17T02:30:00Z,2021-10-17T05:06:11Z,Final,30,26
2021020033,20212022,R,2021-10-17T02:00:00Z,2021-10-17T04:37:57Z,Final,52,28
2021020034,20212022,R,2021-10-17T21:00:00Z,2021-10-17T23:35:18Z,Final,25,9
2021020035,20212022,R,2021-10-18T23:00:00Z,2021-10-19T01:40:06Z,Final,3,10
2021020036,20212022,R,2021-10-18T23:00:00Z,2021-10-19T01:38:30Z,Final,55,4
2021020037,20212022,R,2021-10-19T01:30:00Z,2021-10-19T04:15:26Z,Final,24,20
2021020038,20212022,R,2021-10-19T02:00:00Z,2021-10-19T04:36:18Z,Final,19,53
2021020039,20212022,R,2021-10-19T23:00:00Z,2021-10-20T01:26:30Z,Final,23,7
2021020040,20212022,R,2021-10-19T23:00:00Z,2021-10-20T01:27:56Z,Final,28,8
2021020041,20212022,R,2021-10-19T23:30:00Z,2021-10-20T02:06:59Z,Final,29,17
2021020042,20212022,R,2021-10-19T23:00:00Z,2021-10-20T01:37:40Z,Final,13,14
2021020043,20212022,R,2021-10-19T23:00:00Z,2021-10-20T01:52:29Z,Final,55,1
2021020044,20212022,R,2021-10-19T23:00:00Z,2021-10-20T01:36:53Z,Final,25,5
2021020045,20212022,R,2021-10-19T23:00:00Z,2021-10-20T01:37:58Z,Final,21,15
2021020046,20212022,R,2021-10-20T00:00:00Z,2021-10-20T02:43:16Z,Final,2,16
2021020047,20212022,R,2021-10-20T00:00:00Z,2021-10-20T02:34:49Z,Final,26,18
2021020048,20212022,R,2021-10-20T00:00:00Z,2021-10-20T03:10:04Z,Final,52,30
2021020049,20212022,R,2021-10-20T01:00:00Z,2021-10-20T03:43:14Z,Final,24,22
2021020050,20212022,R,2021-10-20T23:30:00Z,2021-10-21T02:06:29Z,Final,6,4
2021020051,20212022,R,2021-10-21T02:00:00Z,2021-10-21T04:46:37Z,Final,19,54
2021020052,20212022,R,2021-10-21T23:00:00Z,2021-10-22T01:37:33Z,Final,12,8
2021020053,20212022,R,2021-10-21T23:00:00Z,2021-10-22T01:38:48Z,Final,28,9
2021020054,20212022,R,2021-10-21T23:30:00Z,2021-10-22T01:57:56Z,Final,20,17
2021020055,20212022,R,2021-10-21T23:00:00Z,2021-10-22T01:43:59Z,Final,21,13
2021020056,20212022,R,2021-10-21T23:00:00Z,2021-10-22T01:29:17Z,Final,15,1
2021020057,20212022,R,2021-10-21T23:00:00Z,2021-10-22T01:30:15Z,Final,2,29
2021020058,20212022,R,2021-10-22T00:30:00Z,2021-10-22T03:13:05Z,Final,23,16
2021020059,20212022,R,2021-10-22T00:00:00Z,2021-10-22T02:49:23Z,Final,3,18
2021020060,20212022,R,2021-10-22T00:00:00Z,2021-10-22T02:35:48Z,Final,24,52
2021020061,20212022,R,2021-10-22T02:00:00Z,2021-10-22T05:33:30Z,Final,22,53
2021020062,20212022,R,2021-10-22T23:00:00Z,2021-10-23T01:21:47Z,Final,6,7
2021020063,20212022,R,2021-10-22T22:00:00Z,2021-10-23T00:49:48Z,Final,28,10
2021020064,20212022,R,2021-10-23T00:30:00Z,2021-10-23T03:07:26Z,Final,26,25
2021020065,20212022,R,2021-10-23T02:00:00Z,2021-10-23T04:42:20Z,Final,22,54
2021020066,20212022,R,2021-10-23T23:00:00Z,2021-10-24T01:38:03Z,Final,17,8
2021020067,20212022,R,2021-10-23T17:00:00Z,2021-10-23T19:34:48Z,Final,3,9
2021020068,20212022,R,2021-10-23T23:00:00Z,2021-10-24T02:12:57Z,Final,21,14
2021020069,20212022,R,2021-10-23T23:00:00Z,2021-10-24T01:39:52Z,Final,7,1
2021020070,20212022,R,2021-10-23T23:00:00Z,2021-10-24T01:39:14Z,Final,13,4
2021020071,20212022,R,2021-10-23T23:00:00Z,2021-10-24T01:44:21Z,Final,10,5
2021020072,20212022,R,2021-10-23T17:00:00Z,2021-10-23T19:39:39Z,Final,20,15
2021020073,20212022,R,2021-10-23T23:00:00Z,2021-10-24T01:30:52Z,Final,12,29
2021020074,20212022,R,2021-10-24T00:00:00Z,2021-10-24T02:42:53Z,Final,26,19
2021020075,20212022,R,2021-10-23T22:00:00Z,2021-10-24T00:54:49Z,Final,24,30
2021020076,20212022,R,2021-10-23T23:00:00Z,2021-10-24T01:50:18Z,Final,18,52
2021020077,20212022,R,2021-10-24T01:00:00Z,2021-10-24T04:34:58Z,Final,2,53
2021020078,20212022,R,2021-10-24T02:00:00Z,2021-10-24T04:48:18Z,Final,23,55
2021020079,20212022,R,2021-10-24T17:00:00Z,2021-10-24T19:44:04Z,Final,28,6
2021020080,20212022,R,2021-10-24T23:00:00Z,2021-10-25T01:44:08Z,Final,17,16
2021020081,20212022,R,2021-10-24T22:00:00Z,2021-10-25T00:46:29Z,Final,18,30
2021020082,20212022,R,2021-10-25T02:00:00Z,2021-10-25T04:33:03Z,Final,2,54
2021020083,20212022,R,2021-10-25T23:00:00Z,2021-10-26T01:33:39Z,Final,14,7
2021020084,20212022,R,2021-10-25T23:00:00Z,2021-10-26T01:52:58Z,Final,15,9
2021020085,20212022,R,2021-10-25T23:00:00Z,2021-10-26T01:37:34Z,Final,53,13
2021020086,20212022,R,2021-10-25T23:00:00Z,2021-10-26T01:33:49Z,Final,20,3
2021020087,20212022,R,2021-10-25T23:00:00Z,2021-10-26T01:36:31Z,Final,10,12
2021020088,20212022,R,2021-10-25T23:00:00Z,2021-10-26T01:32:44Z,Final,25,29
2021020089,20212022,R,2021-10-26T00:00:00Z,2021-10-26T02:35:12Z,Final,26,19
2021020090,20212022,R,2021-10-26T23:00:00Z,2021-10-27T01:41:32Z,Final,20,1
2021020091,20212022,R,2021-10-26T23:00:00Z,2021-10-27T01:36:51Z,Final,14,5
2021020092,20212022,R,2021-10-27T00:30:00Z,2021-10-27T03:03:00Z,Final,28,18
2021020093,20212022,R,2021-10-27T00:00:00Z,2021-10-27T02:40:58Z,Final,54,21
2021020094,20212022,R,2021-10-27T02:00:00Z,2021-10-27T04:47:37Z,Final,30,23
2021020095,20212022,R,2021-10-27T02:00:00Z,2021-10-27T04:32:30Z,Final,52,24
2021020096,20212022,R,2021-10-27T02:00:00Z,2021-10-27T04:28:45Z,Final,8,55
2021020097,20212022,R,2021-10-27T23:00:00Z,2021-10-28T01:40:57Z,Final,6,13
2021020098,20212022,R,2021-10-27T23:00:00Z,2021-10-28T01:34:18Z,Final,17,15
2021020099,20212022,R,2021-10-27T23:30:00Z,2021-10-28T02:12:47Z,Final,10,16
2021020100,20212022,R,2021-10-28T00:30:00Z,2021-10-28T03:09:14Z,Final,54,25
2021020101,20212022,R,2021-10-28T02:00:00Z,2021-10-28T04:39:33Z,Final,4,22
2021020102,20212022,R,2021-10-28T23:00:00Z,2021-10-29T01:43:41Z,Final,53,14
2021020103,20212022,R,2021-10-28T23:00:00Z,2021-10-29T01:32:51Z,Final,20,5
2021020104,20212022,R,2021-10-28T23:00:00Z,2021-10-29T01:39:16Z,Final,6,12
2021020105,20212022,R,2021-10-29T00:00:00Z,2021-10-29T02:51:10Z,Final,21,19
2021020106,20212022,R,2021-10-29T02:00:00Z,2021-10-29T04:27:47Z,Final,4,23
2021020107,20212022,R,2021-10-29T02:00:00Z,2021-10-29T04:33:57Z,Final,7,24
2021020108,20212022,R,2021-10-29T02:30:00Z,2021-10-29T04:55:02Z,Final,52,26
2021020109,20212022,R,2021-10-29T02:30:00Z,2021-10-29T05:01:50Z,Final,8,28
2021020110,20212022,R,2021-10-29T02:00:00Z,2021-10-29T04:37:17Z,Final,30,55
2021020111,20212022,R,2021-10-29T23:00:00Z,2021-10-30T01:33:58Z,Final,13,17
2021020112,20212022,R,2021-10-29T23:00:00Z,2021-10-30T02:45:52Z,Final,29,3
2021020113,20212022,R,2021-10-29T23:00:00Z,2021-10-30T01:28:05Z,Final,53,15
2021020114,20212022,R,2021-10-29T23:00:00Z,2021-10-30T01:38:45Z,Final,16,12
2021020115,20212022,R,2021-10-30T00:30:00Z,2021-10-30T03:09:00Z,Final,9,25
2021020116,20212022,R,2021-10-30T00:00:00Z,2021-10-30T02:55:58Z,Final,24,54
2021020117,20212022,R,2021-10-30T23:00:00Z,2021-10-31T01:47:27Z,Final,13,6
2021020118,20212022,R,2021-10-30T23:00:00Z,2021-10-31T01:39:12Z,Final,17,10
2021020119,20212022,R,2021-10-30T23:00:00Z,2021-10-31T01:40:49Z,Final,1,5
2021020120,20212022,R,2021-10-31T00:00:00Z,2021-10-31T02:32:30Z,Final,16,19
2021020121,20212022,R,2021-10-30T17:30:00Z,2021-10-30T20:21:53Z,Final,2,18
2021020122,20212022,R,2021-10-31T01:00:00Z,2021-10-31T03:41:39Z,Final,30,21
2021020123,20212022,R,2021-10-31T02:00:00Z,2021-10-31T04:42:33Z,Final,4,20
2021020124,20212022,R,2021-10-31T02:00:00Z,2021-10-31T04:32:37Z,Final,22,23
2021020125,20212022,R,2021-10-30T20:00:00Z,2021-10-30T22:36:22Z,Final,8,26
2021020126,20212022,R,2021-10-30T23:00:00Z,2021-10-31T01:52:40Z,Final,52,28
2021020127,20212022,R,2021-10-31T21:00:00Z,2021-10-31T23:45:08Z,Final,29,1
2021020128,20212022,R,2021-10-31T17:00:00Z,2021-10-31T19:36:11Z,Final,53,12
2021020129,20212022,R,2021-10-31T20:00:00Z,2021-10-31T22:32:30Z,Final,8,24
2021020130,20212022,R,2021-10-31T20:00:00Z,2021-10-31T22:29:22Z,Final,7,26
2021020131,20212022,R,2021-11-01T01:00:00Z,2021-11-01T03:35:06Z,Final,3,55
2021020132,20212022,R,2021-11-01T23:00:00Z,2021-11-02T01:38:12Z,Final,15,14
2021020133,20212022,R,2021-11-02T00:00:00Z,2021-11-02T02:28:58Z,Final,9,16
2021020134,20212022,R,2021-11-02T01:30:00Z,2021-11-02T03:57:45Z,Final,55,22
2021020135,20212022,R,2021-11-02T23:00:00Z,2021-11-03T01:29:24Z,Final,54,10
2021020136,20212022,R,2021-11-02T23:00:00Z,2021-11-03T01:35:00Z,Final,17,8
2021020137,20212022,R,2021-11-02T23:00:00Z,2021-11-03T01:32:16Z,Final,53,4
2021020138,20212022,R,2021-11-03T00:00:00Z,2021-11-03T02:51:57Z,Final,9,30
2021020139,20212022,R,2021-11-03T00:00:00Z,2021-11-03T02:56:12Z,Final,25,52
2021020140,20212022,R,2021-11-03T01:00:00Z,2021-11-03T03:37:25Z,Final,18,20
2021020141,20212022,R,2021-11-03T02:00:00Z,2021-11-03T04:30:33Z,Final,3,23
2021020142,20212022,R,2021-11-03T02:00:00Z,2021-11-03T04:33:01Z,Final,1,24
2021020143,20212022,R,2021-11-03T02:30:00Z,2021-11-03T05:00:45Z,Final,7,28
2021020144,20212022,R,2021-11-04T00:30:00Z,2021-11-04T03:03:24Z,Final,12,16
2021020145,20212022,R,2021-11-04T01:00:00Z,2021-11-04T03:38:12Z,Final,29,21
2021020146,20212022,R,2021-11-04T00:30:00Z,2021-11-04T03:10:47Z,Final,18,22
2021020147,20212022,R,2021-11-04T02:00:00Z,2021-11-04T04:58:42Z,Final,19,26
2021020148,20212022,R,2021-11-04T23:00:00Z,2021-11-05T01:41:46Z,Final,17,6
2021020149,20212022,R,2021-11-04T23:00:00Z,2021-11-05T01:41:58Z,Final,14,10
2021020150,20212022,R,2021-11-04T23:00:00Z,2021-11-05T01:38:11Z,Final,2,8
2021020151,20212022,R,2021-11-04T23:00:00Z,2021-11-05T01:31:03Z,Final,54,9
2021020152,20212022,R,2021-11-04T23:00:00Z,2021-11-05T01:44:28Z,Final,15,13
2021020153,20212022,R,2021-11-04T23:00:00Z,2021-11-05T01:48:22Z,Final,4,5
2021020154,20212022,R,2021-11-05T01:00:00Z,2021-11-05T03:46:37Z,Final,25,20
2021020155,20212022,R,2021-11-05T02:30:00Z,2021-11-05T05:03:56Z,Final,19,28
2021020156,20212022,R,2021-11-05T02:00:00Z,2021-11-05T04:38:50Z,Final,7,55
2021020157,20212022,R,2021-11-06T00:00:00Z,2021-11-06T02:30:09Z,Final,16,52
2021020158,20212022,R,2021-11-06T01:30:00Z,2021-11-06T04:08:53Z,Final,3,22
2021020159,20212022,R,2021-11-06T02:00:00Z,2021-11-06T04:35:47Z,Final,18,23
2021020160,20212022,R,2021-11-06T02:00:00Z,2021-11-06T04:35:20Z,Final,53,24
2021020161,20212022,R,2021-11-06T02:30:00Z,2021-11-06T05:05:53Z,Final,1,26
2021020162,20212022,R,2021-11-06T23:00:00Z,2021-11-07T02:35:08Z,Final,17,7
2021020163,20212022,R,2021-11-06T23:00:00Z,2021-11-07T03:08:46Z,Final,6,10
2021020164,20212022,R,2021-11-06T23:00:00Z,2021-11-07T02:48:03Z,Final,54,8
2021020165,20212022,R,2021-11-06T18:00:00Z,2021-11-06T20:41:56Z,Final,14,9
2021020166,20212022,R,2021-11-06T22:00:00Z,2021-11-07T00:42:18Z,Final,12,13
2021020167,20212022,R,2021-11-06T23:00:00Z,2021-11-07T02:56:24Z,Final,30,5
2021020168,20212022,R,2021-11-06T23:00:00Z,2021-11-07T02:31:35Z,Final,4,15
2021020169,20212022,R,2021-11-06T23:00:00Z,2021-11-07T02:31:55Z,Final,21,29
2021020170,20212022,R,2021-11-06T23:00:00Z,2021-11-07T01:38:16Z,Final,2,52
2021020171,20212022,R,2021-11-07T02:00:00Z,2021-11-07T05:35:22Z,Final,3,20
2021020172,20212022,R,2021-11-07T02:00:00Z,2021-11-07T05:35:16Z,Final,55,53
2021020173,20212022,R,2021-11-07T02:30:00Z,2021-11-07T05:14:54Z,Final,1,28
2021020174,20212022,R,2021-11-07T23:00:00Z,2021-11-08T01:33:04Z,Final,54,17
2021020175,20212022,R,2021-11-08T00:00:00Z,2021-11-08T02:33:01Z,Final,18,16
2021020176,20212022,R,2021-11-08T01:00:00Z,2021-11-08T04:26:05Z,Final,2,30
2021020177,20212022,R,2021-11-08T03:00:00Z,2021-11-08T05:37:59Z,Final,25,23
2021020178,20212022,R,2021-11-08T01:00:00Z,2021-11-08T04:03:25Z,Final,19,24
2021020179,20212022,R,2021-11-09T00:30:00Z,2021-11-09T03:29:29Z,Final,26,10
2021020180,20212022,R,2021-11-09T00:00:00Z,2021-11-09T02:41:00Z,Final,13,3
2021020181,20212022,R,2021-11-09T00:00:00Z,2021-11-09T02:34:09Z,Final,7,15
2021020182,20212022,R,2021-11-10T00:00:00Z,2021-11-10T02:47:35Z,Final,9,6
2021020183,20212022,R,2021-11-10T00:00:00Z,2021-11-10T02:49:38Z,Final,26,8
2021020184,20212022,R,2021-11-10T00:30:00Z,2021-11-10T03:04:40Z,Final,22,17
2021020185,20212022,R,2021-11-10T00:00:00Z,2021-11-10T02:52:07Z,Final,12,14
2021020186,20212022,R,2021-11-10T00:00:00Z,2021-11-10T02:33:14Z,Final,13,1
2021020187,20212022,R,2021-11-10T01:30:00Z,2021-11-10T04:21:11Z,Final,5,16
2021020188,20212022,R,2021-11-10T01:00:00Z,2021-11-10T03:44:17Z,Final,19,52
2021020189,20212022,R,2021-11-10T02:00:00Z,2021-11-10T04:45:59Z,Final,28,20
2021020190,20212022,R,2021-11-10T03:00:00Z,2021-11-10T05:36:40Z,Final,24,23
2021020191,20212022,R,2021-11-10T03:00:00Z,2021-11-10T05:31:33Z,Final,55,54
2021020192,20212022,R,2021-11-11T00:30:00Z,2021-11-11T03:15:44Z,Final,10,4
2021020193,20212022,R,2021-11-11T01:30:00Z,2021-11-11T04:02:36Z,Final,18,25
2021020194,20212022,R,2021-11-11T03:00:00Z,2021-11-11T05:40:20Z,Final,30,53
2021020195,20212022,R,2021-11-12T00:00:00Z,2021-11-12T02:38:44Z,Final,22,6
2021020196,20212022,R,2021-11-12T00:00:00Z,2021-11-12T02:38:41Z,Final,20,8
2021020197,20212022,R,2021-11-12T00:00:00Z,2021-11-12T02:35:06Z,Final,26,9
2021020198,20212022,R,2021-11-12T00:30:00Z,2021-11-12T03:03:49Z,Final,15,17
2021020199,20212022,R,2021-11-12T00:00:00Z,2021-11-12T02:32:54Z,Final,2,1
2021020200,20212022,R,2021-11-12T00:00:00Z,2021-11-12T02:50:40Z,Final,13,5
2021020201,20212022,R,2021-11-12T01:00:00Z,2021-11-12T03:45:39Z,Final,18,19
2021020202,20212022,R,2021-11-12T01:00:00Z,2021-11-12T03:34:05Z,Final,28,52
2021020203,20212022,R,2021-11-12T02:00:00Z,2021-11-12T04:31:18Z,Final,23,21
2021020204,20212022,R,2021-11-12T03:00:00Z,2021-11-12T05:34:33Z,Final,30,54
2021020205,20212022,R,2021-11-12T03:00:00Z,2021-11-12T05:35:32Z,Final,24,55
2021020206,20212022,R,2021-11-13T00:00:00Z,2021-11-13T02:39:31Z,Final,22,7
2021020207,20212022,R,2021-11-13T00:00:00Z,2021-11-13T02:46:01Z,Final,20,10
2021020208,20212022,R,2021-11-13T00:00:00Z,2021-11-13T02:44:21Z,Final,4,12
2021020209,20212022,R,2021-11-13T00:00:00Z,2021-11-13T02:32:59Z,Final,15,29
2021020210,20212022,R,2021-11-13T01:30:00Z,2021-11-13T04:07:29Z,Final,53,16
2021020211,20212022,R,2021-11-14T00:00:00Z,2021-11-14T02:37:17Z,Final,10,7
2021020212,20212022,R,2021-11-14T00:00:00Z,2021-11-14T02:40:37Z,Final,5,9
2021020213,20212022,R,2021-11-14T00:00:00Z,2021-11-14T02:56:38Z,Final,8,17
2021020214,20212022,R,2021-11-14T00:00:00Z,2021-11-14T02:48:47Z,Final,13,14
2021020215,20212022,R,2021-11-13T18:00:00Z,2021-11-13T20:40:06Z,Final,6,1
2021020216,20212022,R,2021-11-14T00:30:00Z,2021-11-14T03:00:18Z,Final,19,12
2021020217,20212022,R,2021-11-14T00:00:00Z,2021-11-14T02:37:39Z,Final,3,29
2021020218,20212022,R,2021-11-14T01:00:00Z,2021-11-14T03:37:31Z,Final,53,18
2021020219,20212022,R,2021-11-14T01:00:00Z,2021-11-14T03:41:17Z,Final,4,25
2021020220,20212022,R,2021-11-14T00:00:00Z,2021-11-14T02:39:17Z,Final,26,52
2021020221,20212022,R,2021-11-14T02:00:00Z,2021-11-14T04:37:22Z,Final,28,21
2021020222,20212022,R,2021-11-14T03:00:00Z,2021-11-14T05:47:21Z,Final,23,54
2021020223,20212022,R,2021-11-14T03:00:00Z,2021-11-14T05:34:36Z,Final,30,55
2021020224,20212022,R,2021-11-15T00:00:00Z,2021-11-15T02:40:13Z,Final,8,6
2021020225,20212022,R,2021-11-14T22:00:00Z,2021-11-15T00:37:50Z,Final,20,9
2021020226,20212022,R,2021-11-15T00:00:00Z,2021-11-15T03:02:30Z,Final,1,3
2021020227,20212022,R,2021-11-15T00:00:00Z,2021-11-15T02:30:13Z,Final,5,15
2021020228,20212022,R,2021-11-15T00:00:00Z,2021-11-15T02:40:40Z,Final,22,19
2021020229,20212022,R,2021-11-15T01:00:00Z,2021-11-15T03:29:59Z,Final,23,24
2021020230,20212022,R,2021-11-16T00:00:00Z,2021-11-16T02:43:32Z,Final,2,14
2021020231,20212022,R,2021-11-16T00:00:00Z,2021-11-16T02:31:47Z,Final,17,29
2021020232,20212022,R,2021-11-17T00:00:00Z,2021-11-17T02:49:54Z,Final,18,10
2021020233,20212022,R,2021-11-17T00:00:00Z,2021-11-17T02:31:15Z,Final,2,13
2021020234,20212022,R,2021-12-07T00:00:00Z,2021-12-07T02:46:03Z,Final,9,1
2021020235,20212022,R,2021-11-17T00:00:00Z,2021-11-17T02:37:54Z,Final,8,3
2021020236,20212022,R,2021-11-17T00:00:00Z,2021-11-17T03:26:09Z,Final,20,4
2021020237,20212022,R,2021-11-17T00:00:00Z,2021-11-17T02:40:42Z,Final,7,5
2021020238,20212022,R,2021-11-17T01:00:00Z,2021-11-17T03:34:47Z,Final,53,19
2021020239,20212022,R,2021-11-17T01:30:00Z,2021-11-17T04:02:18Z,Final,17,25
2021020240,20212022,R,2021-11-17T01:00:00Z,2021-11-17T03:31:21Z,Final,28,30
2021020241,20212022,R,2021-11-17T01:00:00Z,2021-11-17T03:36:40Z,Final,22,52
2021020242,20212022,R,2021-11-17T03:00:00Z,2021-11-17T05:42:30Z,Final,12,54
2021020243,20212022,R,2021-11-17T03:00:00Z,2021-11-17T05:47:36Z,Final,15,24
2021020244,20212022,R,2021-11-18T02:00:00Z,2021-11-18T04:46:32Z,Final,21,23
2021020245,20212022,R,2021-11-18T03:30:00Z,2021-11-18T06:10:32Z,Final,15,26
2021020246,20212022,R,2021-11-18T03:00:00Z,2021-11-18T05:39:28Z,Final,16,55
2021020247,20212022,R,2021-11-19T00:00:00Z,2021-11-19T02:31:33Z,Final,20,7
2021020248,20212022,R,2021-11-19T00:00:00Z,2021-11-19T02:28:15Z,Final,3,10
2021020249,20212022,R,2021-11-19T00:00:00Z,2021-11-19T02:23:19Z,Final,5,8
2021020250,20212022,R,2022-04-07T23:00:00Z,2022-04-08T01:50:31Z,Final,18,9
2021020251,20212022,R,2021-11-19T00:00:00Z,2021-11-19T02:32:24Z,Final,1,13
2021020252,20212022,R,2021-11-19T00:00:00Z,2021-11-19T02:47:15Z,Final,14,4
2021020253,20212022,R,2021-11-19T01:00:00Z,2021-11-19T03:35:51Z,Final,28,19
2021020254,20212022,R,2021-11-19T01:00:00Z,2021-11-19T03:40:59Z,Final,25,30
2021020255,20212022,R,2021-11-19T02:00:00Z,2021-11-19T04:51:12Z,Final,52,22
2021020256,20212022,R,2021-11-19T02:00:00Z,2021-11-19T04:48:07Z,Final,29,53
2021020257,20212022,R,2021-11-19T03:00:00Z,2021-11-19T05:28:39Z,Final,17,54
2021020258,20212022,R,2021-11-19T03:00:00Z,2021-11-19T05:37:24Z,Final,12,24
2021020259,20212022,R,2021-11-20T03:00:00Z,2021-11-20T05:32:16Z,Final,52,23
2021020260,20212022,R,2021-11-20T03:00:00Z,2021-11-20T05:41:09Z,Final,21,55
2021020261,20212022,R,2021-11-21T00:00:00Z,2021-11-21T02:33:37Z,Final,5,10
2021020262,20212022,R,2021-11-21T00:00:00Z,2021-11-21T03:00:47Z,Final,18,8
2021020263,20212022,R,2022-02-20T22:00:00Z,2022-02-21T00:27:21Z,Final,3,9
2021020264,20212022,R,2021-11-20T21:00:00Z,2021-11-20T23:47:43Z,Final,1,14
2021020265,20212022,R,2021-11-20T23:00:00Z,2021-11-21T02:06:46Z,Final,30,13
2021020266,20212022,R,2021-11-21T00:00:00Z,2021-11-21T02:42:47Z,Final,20,2
2021020267,20212022,R,2021-11-21T00:00:00Z,2021-11-21T02:41:28Z,Final,6,4
2021020268,20212022,R,2021-11-21T01:00:00Z,2021-11-21T03:42:39Z,Final,19,25
2021020269,20212022,R,2021-11-21T03:00:00Z,2021-11-21T05:33:49Z,Final,16,22
2021020270,20212022,R,2021-11-21T01:00:00Z,2021-11-21T03:37:30Z,Final,17,53
2021020271,20212022,R,2021-11-21T03:00:00Z,2021-11-21T05:44:47Z,Final,29,54
2021020272,20212022,R,2021-11-20T21:00:00Z,2021-11-20T23:30:04Z,Final,12,26
2021020273,20212022,R,2021-11-21T03:30:00Z,2021-11-21T06:07:10Z,Final,15,28
2021020274,20212022,R,2021-11-22T00:00:00Z,2021-11-22T02:52:43Z,Final,20,6
2021020275,20212022,R,2021-11-21T22:00:00Z,2021-11-22T01:10:05Z,Final,30,14
2021020276,20212022,R,2021-11-22T00:30:00Z,2021-11-22T02:57:41Z,Final,10,2
2021020277,20212022,R,2021-11-21T23:00:00Z,2021-11-22T01:34:12Z,Final,7,3
2021020278,20212022,R,2021-11-22T01:00:00Z,2021-11-22T03:29:43Z,Final,16,23
2021020279,20212022,R,2021-11-22T03:00:00Z,2021-11-22T05:39:46Z,Final,53,26
2021020280,20212022,R,2021-11-22T02:00:00Z,2021-11-22T04:44:08Z,Final,15,55
2021020281,20212022,R,2021-11-23T00:00:00Z,2021-11-23T02:30:52Z,Final,29,7
2021020282,20212022,R,2021-11-23T01:00:00Z,2021-11-23T03:35:31Z,Final,54,19
2021020283,20212022,R,2021-11-23T01:00:00Z,2021-11-23T03:40:58Z,Final,24,18
2021020284,20212022,R,2021-11-23T01:30:00Z,2021-11-23T04:06:38Z,Final,5,52
2021020285,20212022,R,2021-11-23T01:30:00Z,2021-11-23T04:14:31Z,Final,9,21
2021020286,20212022,R,2021-11-23T03:30:00Z,2021-11-23T06:00:55Z,Final,12,28
2021020287,20212022,R,2021-11-24T00:00:00Z,2021-11-24T02:39:34Z,Final,4,14
2021020288,20212022,R,2021-11-24T01:30:00Z,2021-11-24T04:08:37Z,Final,22,25
2021020289,20212022,R,2021-11-24T02:00:00Z,2021-11-24T04:28:36Z,Final,16,20
2021020290,20212022,R,2021-11-25T00:00:00Z,2021-11-25T02:33:43Z,Final,6,7
2021020291,20212022,R,2021-11-25T00:30:00Z,2021-11-25T03:02:20Z,Final,19,17
2021020292,20212022,R,2021-11-25T00:00:00Z,2021-11-25T02:41:11Z,Final,4,13
2021020293,20212022,R,2021-11-25T00:00:00Z,2021-11-25T03:05:27Z,Final,30,1
2021020294,20212022,R,2021-11-25T00:30:00Z,2021-11-25T03:09:05Z,Final,3,2
2021020295,20212022,R,2021-11-25T00:00:00Z,2021-11-25T02:39:37Z,Final,23,5
2021020296,20212022,R,2021-11-25T00:00:00Z,2021-11-25T02:41:56Z,Final,8,15
2021020297,20212022,R,2021-11-25T00:00:00Z,2021-11-25T02:39:32Z,Final,52,29
2021020298,20212022,R,2021-11-25T01:00:00Z,2021-11-25T03:48:39Z,Final,54,18
2021020299,20212022,R,2021-11-25T02:00:00Z,2021-11-25T04:44:30Z,Final,24,21
2021020300,20212022,R,2021-11-25T03:00:00Z,2021-11-25T05:41:12Z,Final,22,53
2021020301,20212022,R,2021-11-25T03:00:00Z,2021-11-25T05:39:53Z,Final,10,26
2021020302,20212022,R,2021-11-25T03:30:00Z,2021-11-25T06:09:42Z,Final,9,28
2021020303,20212022,R,2021-11-25T03:00:00Z,2021-11-25T05:38:20Z,Final,12,55
2021020304,20212022,R,2021-11-26T18:00:00Z,2021-11-26T20:53:15Z,Final,3,6
2021020305,20212022,R,2021-11-27T00:00:00Z,2021-11-27T02:28:23Z,Final,8,7
2021020306,20212022,R,2021-11-27T00:00:00Z,2021-11-27T02:33:17Z,Final,55,14
2021020307,20212022,R,2021-11-27T00:30:00Z,2021-11-27T03:00:42Z,Final,5,2
2021020308,20212022,R,2021-11-26T20:30:00Z,2021-11-26T23:09:15Z,Final,12,4
2021020309,20212022,R,2021-11-26T22:00:00Z,2021-11-27T00:43:50Z,Final,13,15
2021020310,20212022,R,2021-11-27T00:00:00Z,2021-11-27T02:28:26Z,Final,23,29
2021020311,20212022,R,2021-11-26T20:30:00Z,2021-11-26T23:02:36Z,Final,19,16
2021020312,20212022,R,2021-11-26T23:00:00Z,2021-11-27T01:31:57Z,Final,1,18
2021020313,20212022,R,2021-11-27T00:30:00Z,2021-11-27T03:03:16Z,Final,21,25
2021020314,20212022,R,2021-11-26T20:30:00Z,2021-11-26T23:01:13Z,Final,52,30
2021020315,20212022,R,2021-11-26T21:00:00Z,2021-11-26T23:30:05Z,Final,9,24
2021020316,20212022,R,2021-11-27T03:30:00Z,2021-11-27T05:57:27Z,Final,10,28
2021020317,20212022,R,2021-11-28T00:00:00Z,2021-11-28T02:36:08Z,Final,7,17
2021020318,20212022,R,2021-11-27T23:00:00Z,2021-11-28T01:37:47Z,Final,55,13
2021020319,20212022,R,2021-11-28T00:00:00Z,2021-11-28T02:58:26Z,Final,8,5
2021020320,20212022,R,2021-11-28T01:00:00Z,2021-11-28T03:31:56Z,Final,29,19
2021020321,20212022,R,2021-11-28T02:00:00Z,2021-11-28T04:46:45Z,Final,18,21
2021020322,20212022,R,2021-11-28T03:00:00Z,2021-11-28T05:34:37Z,Final,52,20
2021020323,20212022,R,2021-11-28T01:00:00Z,2021-11-28T03:34:26Z,Final,25,53
2021020324,20212022,R,2021-11-28T00:00:00Z,2021-11-28T02:41:46Z,Final,22,54
2021020325,20212022,R,2021-11-28T00:00:00Z,2021-11-28T02:48:10Z,Final,9,26
2021020326,20212022,R,2021-11-29T00:00:00Z,2021-11-29T02:46:29Z,Final,23,6
2021020327,20212022,R,2021-11-29T00:00:00Z,2021-11-29T02:33:56Z,Final,4,1
2021020328,20212022,R,2022-03-17T23:00:00Z,2022-03-18T01:26:18Z,Final,2,3
2021020329,20212022,R,2021-11-28T18:00:00Z,2021-11-28T20:43:53Z,Final,15,12
2021020330,20212022,R,2021-11-29T00:00:00Z,2021-11-29T02:28:03Z,Final,28,16
2021020331,20212022,R,2021-11-28T19:00:00Z,2021-11-28T21:33:13Z,Final,14,30
2021020332,20212022,R,2021-11-29T01:00:00Z,2021-11-29T03:31:32Z,Final,10,24
2021020333,20212022,R,2021-11-30T00:00:00Z,2021-11-30T02:41:03Z,Final,55,7
2021020334,20212022,R,2021-11-30T00:30:00Z,2021-11-30T03:05:20Z,Final,23,8
2021020335,20212022,R,2021-11-30T00:30:00Z,2021-11-30T02:59:57Z,Final,53,52
2021020336,20212022,R,2021-11-30T02:00:00Z,2021-11-30T04:52:37Z,Final,5,20
2021020337,20212022,R,2021-12-01T00:00:00Z,2021-12-01T02:44:09Z,Final,17,6
2021020338,20212022,R,2021-12-01T00:00:00Z,2021-12-01T02:45:42Z,Final,15,13
2021020339,20212022,R,2021-12-01T00:00:00Z,2021-12-01T02:27:43Z,Final,28,1
2021020340,20212022,R,2022-01-19T00:00:00Z,2022-01-19T02:58:10Z,Final,2,4
2021020341,20212022,R,2021-12-01T01:00:00Z,2021-12-01T03:46:26Z,Final,14,19
2021020342,20212022,R,2021-12-01T01:00:00Z,2021-12-01T03:45:08Z,Final,29,18
2021020343,20212022,R,2021-12-01T01:30:00Z,2021-12-01T04:11:56Z,Final,12,25
2021020344,20212022,R,2021-12-01T01:00:00Z,2021-12-01T03:36:31Z,Final,53,30
2021020345,20212022,R,2021-12-01T03:30:00Z,2021-12-01T06:20:35Z,Final,24,26
2021020346,20212022,R,2021-12-02T00:30:00Z,2021-12-02T03:12:27Z,Final,21,10
2021020347,20212022,R,2021-12-02T00:30:00Z,2021-12-02T03:10:52Z,Final,23,9
2021020348,20212022,R,2021-12-02T00:30:00Z,2021-12-02T03:18:08Z,Final,55,17
2021020349,20212022,R,2021-12-02T00:00:00Z,2021-12-02T02:35:54Z,Final,4,3
2021020350,20212022,R,2021-12-02T03:00:00Z,2021-12-02T05:47:51Z,Final,5,22
2021020351,20212022,R,2021-12-02T03:00:00Z,2021-12-02T05:49:06Z,Final,54,24
2021020352,20212022,R,2021-12-03T00:00:00Z,2021-12-03T02:41:22Z,Final,21,8
2021020353,20212022,R,2021-12-03T00:00:00Z,2021-12-03T02:41:28Z,Final,19,14
2021020354,20212022,R,2021-12-03T00:00:00Z,2021-12-03T02:38:01Z,Final,7,13
2021020355,20212022,R,2021-12-03T00:30:00Z,2021-12-03T02:58:15Z,Final,28,2
2021020356,20212022,R,2021-12-03T00:00:00Z,2021-12-03T02:48:44Z,Final,16,15
2021020357,20212022,R,2021-12-03T00:00:00Z,2021-12-03T02:46:42Z,Final,9,12
2021020358,20212022,R,2021-12-03T01:00:00Z,2021-12-03T03:49:29Z,Final,6,18
2021020359,20212022,R,2021-12-03T01:30:00Z,2021-12-03T04:06:22Z,Final,29,25
2021020360,20212022,R,2021-12-03T01:00:00Z,2021-12-03T03:39:14Z,Final,1,30
2021020361,20212022,R,2021-12-03T03:30:00Z,2021-12-03T06:03:13Z,Final,20,26
2021020362,20212022,R,2021-12-04T00:00:00Z,2021-12-04T02:26:09Z,Final,28,3
2021020363,20212022,R,2021-12-04T01:00:00Z,2021-12-04T03:33:37Z,Final,1,52
2021020364,20212022,R,2021-12-04T02:30:00Z,2021-12-04T05:03:09Z,Final,54,53
2021020365,20212022,R,2021-12-04T03:00:00Z,2021-12-04T05:47:26Z,Final,20,24
2021020366,20212022,R,2021-12-04T03:00:00Z,2021-12-04T05:43:56Z,Final,22,55
2021020367,20212022,R,2021-12-05T00:00:00Z,2021-12-05T02:44:29Z,Final,14,6
2021020368,20212022,R,2021-12-05T00:00:00Z,2021-12-05T03:11:02Z,Final,21,9
2021020369,20212022,R,2021-12-05T00:00:00Z,2021-12-05T02:41:23Z,Final,2,17
2021020370,20212022,R,2021-12-04T18:00:00Z,2021-12-04T21:30:11Z,Final,19,13
2021020371,20212022,R,2021-12-05T01:00:00Z,2021-12-05T03:40:18Z,Final,16,3
2021020372,20212022,R,2021-12-05T00:00:00Z,2021-12-05T02:22:45Z,Final,29,15
2021020373,20212022,R,2021-12-05T00:30:00Z,2021-12-05T03:11:51Z,Final,7,12
2021020374,20212022,R,2021-12-05T00:00:00Z,2021-12-05T03:00:20Z,Final,8,18
2021020375,20212022,R,2021-12-05T00:00:00Z,2021-12-05T03:02:32Z,Final,10,30
2021020376,20212022,R,2021-12-05T03:00:00Z,2021-12-05T05:37:59Z,Final,5,23
2021020377,20212022,R,2021-12-06T00:30:00Z,2021-12-06T03:11:22Z,Final,16,2
2021020378,20212022,R,2021-12-05T23:00:00Z,2021-12-06T01:43:17Z,Final,14,4
2021020379,20212022,R,2021-12-05T23:00:00Z,2021-12-06T01:39:57Z,Final,28,29
2021020380,20212022,R,2021-12-06T01:00:00Z,2021-12-06T03:49:38Z,Final,10,52
2021020381,20212022,R,2021-12-06T01:00:00Z,2021-12-06T03:34:22Z,Final,26,22
2021020382,20212022,R,2021-12-06T03:00:00Z,2021-12-06T05:39:56Z,Final,20,54
2021020383,20212022,R,2021-12-07T00:00:00Z,2021-12-07T02:44:21Z,Final,21,4
2021020384,20212022,R,2021-12-07T00:00:00Z,2021-12-07T02:51:46Z,Final,24,15
2021020385,20212022,R,2021-12-07T01:30:00Z,2021-12-07T04:06:23Z,Final,53,25
2021020386,20212022,R,2021-12-07T03:00:00Z,2021-12-07T05:30:52Z,Final,26,23
2021020387,20212022,R,2021-12-07T03:00:00Z,2021-12-07T05:33:47Z,Final,5,55
2021020388,20212022,R,2021-12-08T00:30:00Z,2021-12-08T02:53:10Z,Final,24,7
2021020389,20212022,R,2021-12-08T00:00:00Z,2021-12-08T02:35:57Z,Final,29,10
2021020390,20212022,R,2021-12-08T00:00:00Z,2021-12-08T02:31:14Z,Final,14,8
2021020391,20212022,R,2021-12-08T00:00:00Z,2021-12-08T02:31:56Z,Final,2,9
2021020392,20212022,R,2021-12-08T00:00:00Z,2021-12-08T02:36:46Z,Final,18,17
2021020393,20212022,R,2021-12-08T01:30:00Z,2021-12-08T04:15:53Z,Final,3,16
2021020394,20212022,R,2021-12-08T01:00:00Z,2021-12-08T03:36:58Z,Final,13,19
2021020395,20212022,R,2021-12-08T01:00:00Z,2021-12-08T03:36:19Z,Final,12,52
2021020396,20212022,R,2021-12-08T02:00:00Z,2021-12-08T04:30:04Z,Final,30,22
2021020397,20212022,R,2021-12-08T03:30:00Z,2021-12-08T05:59:56Z,Final,20,28
2021020398,20212022,R,2021-12-09T00:00:00Z,2021-12-09T02:37:05Z,Final,4,1
2021020399,20212022,R,2021-12-09T00:00:00Z,2021-12-09T02:36:12Z,Final,21,3
2021020400,20212022,R,2021-12-09T02:00:00Z,2021-12-09T04:57:42Z,Final,6,23
2021020401,20212022,R,2021-12-09T03:00:00Z,2021-12-09T05:45:14Z,Final,25,54
2021020402,20212022,R,2021-12-10T00:00:00Z,2021-12-10T02:44:58Z,Final,14,10
2021020403,20212022,R,2021-12-10T00:00:00Z,2021-12-10T02:24:12Z,Final,16,8
2021020404,20212022,R,2021-12-10T00:30:00Z,2021-12-10T03:07:38Z,Final,18,2
2021020405,20212022,R,2021-12-10T00:00:00Z,2021-12-10T02:48:32Z,Final,24,29
2021020406,20212022,R,2021-12-10T01:00:00Z,2021-12-10T03:25:33Z,Final,17,19
2021020407,20212022,R,2021-12-10T02:00:00Z,2021-12-10T04:41:32Z,Final,12,20
2021020408,20212022,R,2021-12-10T02:00:00Z,2021-12-10T04:40:43Z,Final,6,22
2021020409,20212022,R,2021-12-10T03:30:00Z,2021-12-10T06:02:03Z,Final,25,26
2021020410,20212022,R,2021-12-10T03:30:00Z,2021-12-10T05:59:46Z,Final,30,28
2021020411,20212022,R,2021-12-10T03:00:00Z,2021-12-10T05:33:56Z,Final,52,55
2021020412,20212022,R,2021-12-11T00:00:00Z,2021-12-11T02:51:56Z,Final,3,7
2021020413,20212022,R,2021-12-11T00:30:00Z,2021-12-11T03:04:56Z,Final,18,1
2021020414,20212022,R,2021-12-11T00:00:00Z,2021-12-11T02:35:24Z,Final,5,15
2021020415,20212022,R,2021-12-11T02:00:00Z,2021-12-11T04:36:46Z,Final,17,21
2021020416,20212022,R,2021-12-11T02:00:00Z,2021-12-11T04:37:26Z,Final,13,53
2021020417,20212022,R,2021-12-11T03:00:00Z,2021-12-11T06:09:53Z,Final,52,23
2021020418,20212022,R,2021-12-11T03:00:00Z,2021-12-11T05:46:17Z,Final,4,54
2021020419,20212022,R,2021-12-12T00:00:00Z,2021-12-12T02:52:27Z,Final,15,7
2021020420,20212022,R,2021-12-12T00:00:00Z,2021-12-12T02:35:57Z,Final,16,10
2021020421,20212022,R,2021-12-11T18:00:00Z,2021-12-11T20:30:05Z,Final,14,9
2021020422,20212022,R,2021-12-12T00:30:00Z,2021-12-12T03:07:23Z,Final,1,2
2021020423,20212022,R,2021-12-12T00:00:00Z,2021-12-12T02:32:42Z,Final,24,5
2021020424,20212022,R,2021-12-12T00:00:00Z,2021-12-12T02:34:54Z,Final,8,19
2021020425,20212022,R,2021-12-12T03:00:00Z,2021-12-12T05:50:29Z,Final,6,20
2021020426,20212022,R,2021-12-12T03:00:00Z,2021-12-12T05:38:45Z,Final,12,22
2021020427,20212022,R,2021-12-12T02:00:00Z,2021-12-12T04:28:50Z,Final,4,53
2021020428,20212022,R,2021-12-12T03:30:00Z,2021-12-12T06:03:39Z,Final,30,26
2021020429,20212022,R,2021-12-12T03:30:00Z,2021-12-12T06:02:39Z,Final,25,28
2021020430,20212022,R,2021-12-12T03:00:00Z,2021-12-12T05:37:25Z,Final,29,55
2021020431,20212022,R,2021-12-13T00:00:00Z,2021-12-13T02:26:31Z,Final,18,3
2021020432,20212022,R,2021-12-13T00:00:00Z,2021-12-13T03:09:36Z,Final,24,19
2021020433,20212022,R,2021-12-13T01:00:00Z,2021-12-13T03:57:16Z,Final,13,21
2021020434,20212022,R,2021-12-13T03:00:00Z,2021-12-13T05:29:02Z,Final,12,23
2021020435,20212022,R,2021-12-13T02:00:00Z,2021-12-13T04:41:12Z,Final,30,54
2021020436,20212022,R,2022-04-19T00:00:00Z,2022-04-19T02:34:36Z,Final,20,16
2021020437,20212022,R,2021-12-15T00:00:00Z,2021-12-15T02:33:13Z,Final,54,6
2021020438,20212022,R,2021-12-15T00:30:00Z,2021-12-15T03:01:32Z,Final,2,17
2021020439,20212022,R,2021-12-15T00:00:00Z,2021-12-15T02:35:26Z,Final,26,14
2021020440,20212022,R,2021-12-15T00:00:00Z,2021-12-15T02:49:36Z,Final,9,13
2021020441,20212022,R,2021-12-15T00:00:00Z,2021-12-15T02:39:04Z,Final,1,4
2021020442,20212022,R,2021-12-15T00:00:00Z,2021-12-15T02:32:48Z,Final,8,5
2021020443,20212022,R,2022-04-20T00:00:00Z,2022-04-20T02:53:01Z,Final,20,18
2021020444,20212022,R,2021-12-15T01:30:00Z,2021-12-15T04:14:53Z,Final,19,25
2021020445,20212022,R,2022-02-13T01:00:00Z,2022-02-13T03:41:35Z,Final,12,30
2021020446,20212022,R,2021-12-15T01:00:00Z,2021-12-15T03:24:17Z,Final,7,52
2021020447,20212022,R,2021-12-15T02:00:00Z,2021-12-15T04:40:31Z,Final,3,21
2021020448,20212022,R,2021-12-15T02:00:00Z,2021-12-15T04:27:10Z,Final,10,22
2021020449,20212022,R,2021-12-15T03:00:00Z,2021-12-15T05:42:36Z,Final,29,23
2021020450,20212022,R,2021-12-15T03:30:00Z,2021-12-15T05:51:27Z,Final,55,28
2021020451,20212022,R,2021-12-16T01:00:00Z,2021-12-16T03:46:33Z,Final,15,16
2021020452,20212022,R,2021-12-16T02:00:00Z,2021-12-16T04:34:25Z,Final,3,53
2021020453,20212022,R,2021-12-16T03:00:00Z,2021-12-16T05:35:03Z,Final,55,24
2021020454,20212022,R,2021-12-17T00:00:00Z,2021-12-17T02:42:52Z,Final,4,8
2021020455,20212022,R,2021-12-17T00:00:00Z,2021-12-17T02:31:28Z,Final,9,14
2021020456,20212022,R,2021-12-17T00:00:00Z,2021-12-17T02:35:36Z,Final,26,13
2021020457,20212022,R,2021-12-17T00:00:00Z,2021-12-17T02:43:57Z,Final,54,1
2021020458,20212022,R,2021-12-17T00:30:00Z,2021-12-17T03:04:36Z,Final,6,2
2021020459,20212022,R,2021-12-17T00:00:00Z,2021-12-17T02:35:18Z,Final,17,12
2021020460,20212022,R,2021-12-17T01:00:00Z,2021-12-17T03:36:24Z,Final,21,18
2021020461,20212022,R,2021-12-17T01:00:00Z,2021-12-17T03:44:53Z,Final,7,30
2021020462,20212022,R,2022-02-11T02:00:00Z,2022-02-11T04:46:07Z,Final,10,20
2021020463,20212022,R,2021-12-17T02:00:00Z,2021-12-17T04:35:03Z,Final,29,22
2021020464,20212022,R,2021-12-17T03:30:00Z,2021-12-17T05:54:56Z,Final,23,28
2021020465,20212022,R,2021-12-18T00:00:00Z,2021-12-18T02:48:58Z,Final,54,3
2021020466,20212022,R,2021-12-18T00:00:00Z,2021-12-18T02:42:25Z,Final,7,5
2021020467,20212022,R,2021-12-18T01:30:00Z,2021-12-18T04:04:37Z,Final,18,16
2021020468,20212022,R,2021-12-18T01:00:00Z,2021-12-18T03:36:08Z,Final,25,19
2021020469,20212022,R,2021-12-18T01:00:00Z,2021-12-18T03:33:42Z,Final,15,52
2021020470,20212022,R,2021-12-18T03:00:00Z,2021-12-18T05:40:35Z,Final,53,24
2021020471,20212022,R,2022-04-24T23:00:00Z,2022-04-25T02:02:05Z,Final,6,8
2021020472,20212022,R,2021-12-19T01:00:00Z,2021-12-19T03:35:28Z,Final,1,17
2021020473,20212022,R,2021-12-19T00:00:00Z,2021-12-19T02:50:54Z,Final,9,4
2021020474,20212022,R,2021-12-19T00:00:00Z,2021-12-19T02:33:21Z,Final,26,12
2021020475,20212022,R,2021-12-19T01:00:00Z,2021-12-19T03:50:12Z,Final,16,25
2021020476,20212022,R,2022-02-19T01:00:00Z,2022-02-19T03:36:30Z,Final,13,30
2021020477,20212022,R,2022-02-11T02:00:00Z,2022-02-11T04:50:29Z,Final,14,21
2021020478,20212022,R,2022-02-16T02:00:00Z,2022-02-16T04:29:01Z,Final,29,20
2021020479,20212022,R,2022-02-13T00:00:00Z,2022-02-13T02:54:13Z,Final,10,23
2021020480,20212022,R,2021-12-19T03:00:00Z,2021-12-19T05:38:43Z,Final,22,55
2021020481,20212022,R,2022-02-20T00:00:00Z,2022-02-20T02:45:14Z,Final,6,9
2021020482,20212022,R,2021-12-20T00:00:00Z,2021-12-20T02:30:40Z,Final,5,1
2021020483,20212022,R,2021-12-19T19:00:00Z,2021-12-19T21:58:01Z,Final,54,2
2021020484,20212022,R,2021-12-20T00:00:00Z,2021-12-20T02:48:05Z,Final,26,15
2021020485,20212022,R,2022-02-19T00:00:00Z,2022-02-19T02:44:25Z,Final,18,12
2021020486,20212022,R,2021-12-19T20:00:00Z,2021-12-19T22:32:56Z,Final,19,52
2021020487,20212022,R,2022-02-09T03:00:00Z,2022-02-09T05:39:27Z,Final,53,23
2021020488,20212022,R,2022-02-15T02:00:00Z,2022-02-15T04:37:57Z,Final,10,55
2021020489,20212022,R,2022-02-11T00:00:00Z,2022-02-11T02:34:13Z,Final,29,7
2021020490,20212022,R,2022-02-24T00:30:00Z,2022-02-24T03:08:05Z,Final,21,17
2021020491,20212022,R,2022-02-20T19:00:00Z,2022-02-20T21:36:57Z,Final,8,2
2021020492,20212022,R,2021-12-21T01:30:00Z,2021-12-21T04:08:05Z,Final,30,25
2021020493,20212022,R,2022-02-18T02:00:00Z,2022-02-18T04:39:26Z,Final,24,22
2021020494,20212022,R,2022-02-11T00:00:00Z,2022-02-11T02:54:02Z,Final,12,6
2021020495,20212022,R,2022-02-16T00:00:00Z,2022-02-16T02:36:37Z,Final,19,9
2021020496,20212022,R,2022-02-18T00:00:00Z,2022-02-18T02:44:27Z,Final,15,4
2021020497,20212022,R,2022-02-25T00:00:00Z,2022-02-25T02:40:38Z,Final,1,5
2021020498,20212022,R,2022-02-20T20:00:00Z,2022-02-20T22:42:10Z,Final,13,16
2021020499,20212022,R,2022-02-13T00:00:00Z,2022-02-13T02:45:56Z,Final,52,18
2021020500,20212022,R,2022-02-17T02:30:00Z,2022-02-17T05:07:14Z,Final,24,20
2021020501,20212022,R,2021-12-22T03:00:00Z,2021-12-22T05:47:07Z,Final,14,54
2021020502,20212022,R,2022-02-18T03:30:00Z,2022-02-18T06:10:04Z,Final,23,28
2021020503,20212022,R,2022-02-10T03:00:00Z,2022-02-10T05:35:16Z,Final,53,55
2021020504,20212022,R,2022-02-19T18:00:00Z,2022-02-19T20:30:48Z,Final,21,7
2021020505,20212022,R,2022-04-27T23:30:00Z,2022-04-28T02:10:14Z,Final,8,3
2021020506,20212022,R,2022-02-12T01:30:00Z,2022-02-12T04:16:33Z,Final,52,25
2021020507,20212022,R,2022-02-16T03:30:00Z,2022-02-16T06:20:06Z,Final,22,26
2021020508,20212022,R,2022-02-21T18:00:00Z,2022-02-21T20:40:23Z,Final,21,6
2021020509,20212022,R,2022-02-20T00:00:00Z,2022-02-20T02:55:52Z,Final,19,10
2021020510,20212022,R,2022-02-09T00:00:00Z,2022-02-09T02:37:23Z,Final,12,9
2021020511,20212022,R,2022-02-23T00:00:00Z,2022-02-23T02:46:33Z,Final,18,13
2021020512,20212022,R,2022-04-07T23:00:00Z,2022-04-08T01:32:12Z,Final,8,1
2021020513,20212022,R,2022-04-28T23:00:00Z,2022-04-29T01:35:00Z,Final,15,2
2021020514,20212022,R,2022-02-16T00:00:00Z,2022-02-16T02:46:45Z,Final,4,5
2021020515,20212022,R,2022-02-20T23:00:00Z,2022-02-21T01:47:38Z,Final,7,29
2021020516,20212022,R,2022-02-19T01:30:00Z,2022-02-19T04:03:27Z,Final,25,16
2021020517,20212022,R,2022-02-15T01:00:00Z,2022-02-15T03:56:20Z,Final,17,30
2021020518,20212022,R,2022-02-20T03:00:00Z,2022-02-20T05:35:27Z,Final,55,20
2021020519,20212022,R,2022-02-12T02:30:00Z,2022-02-12T04:54:43Z,Final,14,53
2021020520,20212022,R,2022-02-20T03:00:00Z,2022-02-20T05:34:21Z,Final,24,23
2021020521,20212022,R,2022-02-19T03:00:00Z,2022-02-19T05:42:46Z,Final,26,54
2021020522,20212022,R,2022-02-15T03:30:00Z,2022-02-15T05:57:01Z,Final,22,28
2021020523,20212022,R,2022-02-09T00:00:00Z,2022-02-09T02:45:24Z,Final,5,6
2021020524,20212022,R,2022-02-16T00:00:00Z,2022-02-16T02:33:58Z,Final,2,7
2021020525,20212022,R,2022-02-18T00:00:00Z,2022-02-18T02:54:09Z,Final,17,3
2021020526,20212022,R,2022-02-13T17:30:00Z,2022-02-13T20:09:42Z,Final,9,15
2021020527,20212022,R,2022-02-17T00:30:00Z,2022-02-17T03:30:08Z,Final,13,12
2021020528,20212022,R,2022-02-23T00:00:00Z,2022-02-23T02:40:23Z,Final,10,29
2021020529,20212022,R,2022-02-11T01:00:00Z,2022-02-11T03:42:39Z,Final,1,19
2021020530,20212022,R,2022-02-10T01:00:00Z,2022-02-10T03:56:08Z,Final,18,25
2021020531,20212022,R,2022-02-09T01:00:00Z,2022-02-09T03:32:41Z,Final,30,52
2021020532,20212022,R,2022-03-08T02:30:00Z,2022-03-08T05:10:55Z,Final,22,20
2021020533,20212022,R,2022-02-20T02:00:00Z,2022-02-20T04:25:40Z,Final,26,53
2021020534,20212022,R,2022-02-22T03:00:00Z,2022-02-22T05:39:18Z,Final,55,23
2021020535,20212022,R,2022-02-17T03:00:00Z,2022-02-17T05:50:42Z,Final,21,54
2021020536,20212022,R,2022-02-23T03:00:00Z,2022-02-23T05:53:20Z,Final,28,24
2021020537,20212022,R,2021-12-29T00:00:00Z,2021-12-29T02:46:33Z,Final,8,14
2021020538,20212022,R,2022-02-18T01:30:00Z,2022-02-18T04:05:12Z,Final,29,16
2021020539,20212022,R,2021-12-29T03:30:00Z,2021-12-29T06:06:10Z,Final,54,26
2021020540,20212022,R,2021-12-29T03:30:00Z,2021-12-29T06:16:01Z,Final,53,28
2021020541,20212022,R,2021-12-30T00:00:00Z,2021-12-30T02:23:30Z,Final,1,7
2021020542,20212022,R,2022-02-18T00:00:00Z,2022-02-18T02:45:12Z,Final,5,10
2021020543,20212022,R,2022-02-12T17:30:00Z,2022-02-12T20:08:52Z,Final,6,9
2021020544,20212022,R,2021-12-30T00:00:00Z,2021-12-30T02:43:45Z,Final,3,13
2021020545,20212022,R,2022-03-24T23:30:00Z,2022-03-25T01:57:35Z,Final,17,2
2021020546,20212022,R,2021-12-30T00:00:00Z,2021-12-30T02:50:37Z,Final,18,15
2021020547,20212022,R,2021-12-30T01:30:00Z,2021-12-30T03:59:17Z,Final,22,19
2021020548,20212022,R,2022-02-15T02:00:00Z,2022-02-15T04:22:26Z,Final,16,52
2021020549,20212022,R,2022-02-16T02:00:00Z,2022-02-16T04:48:20Z,Final,25,21
2021020550,20212022,R,2021-12-30T03:30:00Z,2021-12-30T06:06:56Z,Final,23,24
2021020551,20212022,R,2021-12-30T03:00:00Z,2021-12-30T05:40:08Z,Final,4,55
2021020552,20212022,R,2021-12-31T00:00:00Z,2021-12-31T02:47:03Z,Final,14,13
2021020553,20212022,R,2021-12-31T00:30:00Z,2021-12-31T02:58:09Z,Final,7,2
2021020554,20212022,R,2021-12-31T00:00:00Z,2021-12-31T02:34:54Z,Final,8,12
2021020555,20212022,R,2021-12-31T00:00:00Z,2021-12-31T02:56:47Z,Final,18,29
2021020556,20212022,R,2021-12-31T03:30:00Z,2021-12-31T06:14:34Z,Final,23,26
2021020557,20212022,R,2021-12-31T03:30:00Z,2021-12-31T06:12:19Z,Final,4,28
2021020558,20212022,R,2021-12-31T03:00:00Z,2021-12-31T05:42:28Z,Final,20,55
2021020559,20212022,R,2022-02-11T00:00:00Z,2022-02-11T02:27:29Z,Final,5,9
2021020560,20212022,R,2022-01-01T00:30:00Z,2022-01-01T03:01:28Z,Final,15,17
2021020561,20212022,R,2022-01-01T00:00:00Z,2022-01-01T02:52:41Z,Final,3,14
2021020562,20212022,R,2021-12-31T18:00:00Z,2021-12-31T20:50:34Z,Final,22,1
2021020563,20212022,R,2022-02-13T19:00:00Z,2022-02-13T21:29:25Z,Final,21,25
2021020564,20212022,R,2022-02-21T21:00:00Z,2022-02-21T23:29:55Z,Final,52,20
2021020565,20212022,R,2021-12-31T20:00:00Z,2021-12-31T22:41:28Z,Final,24,54
2021020566,20212022,R,2022-01-01T18:00:00Z,2022-01-01T20:59:17Z,Final,7,6
2021020567,20212022,R,2022-01-02T00:00:00Z,2022-01-02T02:59:42Z,Final,9,10
2021020568,20212022,R,2022-01-01T18:00:00Z,2022-01-01T20:35:47Z,Final,8,13
2021020569,20212022,R,2022-01-01T19:00:00Z,2022-01-01T21:35:50Z,Final,22,2
2021020570,20212022,R,2022-01-01T18:00:00Z,2022-01-01T20:41:13Z,Final,12,29
2021020571,20212022,R,2022-01-01T19:00:00Z,2022-01-01T21:36:08Z,Final,16,18
2021020572,20212022,R,2022-01-02T00:00:00Z,2022-01-02T03:37:08Z,Final,19,30
2021020573,20212022,R,2022-01-02T03:30:00Z,2022-01-02T06:18:48Z,Final,4,26
2021020574,20212022,R,2022-01-02T03:00:00Z,2022-01-02T05:44:48Z,Final,23,55
2021020575,20212022,R,2022-01-02T18:00:00Z,2022-01-02T20:38:17Z,Final,6,17
2021020576,20212022,R,2022-01-02T17:30:00Z,2022-01-02T20:08:33Z,Final,14,3
2021020577,20212022,R,2022-01-02T18:00:00Z,2022-01-02T20:37:26Z,Final,28,5
2021020578,20212022,R,2022-01-02T20:00:00Z,2022-01-02T22:44:47Z,Final,1,15
2021020579,20212022,R,2022-01-03T00:00:00Z,2022-01-03T02:29:42Z,Final,20,16
2021020580,20212022,R,2022-01-02T20:00:00Z,2022-01-02T22:35:51Z,Final,24,21
2021020581,20212022,R,2022-02-21T00:00:00Z,2022-02-21T02:26:28Z,Final,25,53
2021020582,20212022,R,2022-01-02T21:00:00Z,2022-01-02T23:39:52Z,Final,52,54
2021020583,20212022,R,2022-02-08T00:00:00Z,2022-02-08T02:47:03Z,Final,12,10
2021020584,20212022,R,2022-02-23T00:00:00Z,2022-02-23T02:30:04Z,Final,30,9
2021020585,20212022,R,2022-01-04T00:00:00Z,2022-01-04T02:32:33Z,Final,22,3
2021020586,20212022,R,2022-01-05T00:00:00Z,2022-01-05T02:57:32Z,Final,1,6
2021020587,20212022,R,2022-02-11T00:00:00Z,2022-02-11T02:38:05Z,Final,15,8
2021020588,20212022,R,2022-01-05T00:30:00Z,2022-01-05T03:14:56Z,Final,28,17
2021020589,20212022,R,2022-01-05T00:00:00Z,2022-01-05T02:38:01Z,Final,20,13
2021020590,20212022,R,2022-01-05T00:00:00Z,2022-01-05T02:33:30Z,Final,14,29
2021020591,20212022,R,2022-01-05T01:30:00Z,2022-01-05T04:10:59Z,Final,21,16
2021020592,20212022,R,2022-01-05T02:00:00Z,2022-01-05T04:27:36Z,Final,52,53
2021020593,20212022,R,2022-01-05T03:00:00Z,2022-01-05T05:48:16Z,Final,18,54
2021020594,20212022,R,2022-01-05T03:00:00Z,2022-01-05T05:44:53Z,Final,4,24
2021020595,20212022,R,2022-02-23T03:00:00Z,2022-02-23T05:26:09Z,Final,2,55
2021020596,20212022,R,2022-01-06T00:00:00Z,2022-01-06T02:38:29Z,Final,22,10
2021020597,20212022,R,2022-01-06T00:30:00Z,2022-01-06T03:24:13Z,Final,19,5
2021020598,20212022,R,2022-02-10T03:30:00Z,2022-02-10T05:59:22Z,Final,2,23
2021020599,20212022,R,2022-01-07T00:00:00Z,2022-01-07T02:51:25Z,Final,30,6
2021020600,20212022,R,2022-01-07T00:00:00Z,2022-01-07T02:31:46Z,Final,28,7
2021020601,20212022,R,2022-02-22T00:00:00Z,2022-02-22T02:39:21Z,Final,10,8
2021020602,20212022,R,2022-01-07T00:00:00Z,2022-01-07T02:46:20Z,Final,20,14
2021020603,20212022,R,2022-01-07T00:00:00Z,2022-01-07T02:29:48Z,Final,29,1
2021020604,20212022,R,2022-01-07T00:00:00Z,2022-01-07T02:28:21Z,Final,5,4
2021020605,20212022,R,2022-01-07T01:30:00Z,2022-01-07T04:29:16Z,Final,13,25
2021020606,20212022,R,2022-01-07T02:00:00Z,2022-01-07T04:41:21Z,Final,52,21
2021020607,20212022,R,2022-01-07T02:00:00Z,2022-01-07T04:42:58Z,Final,16,53
2021020608,20212022,R,2022-01-07T03:00:00Z,2022-01-07T05:27:57Z,Final,3,54
2021020609,20212022,R,2022-01-10T01:00:00Z,2022-01-10T03:51:39Z,Final,17,24
2021020610,20212022,R,2022-01-07T03:30:00Z,2022-01-07T06:16:40Z,Final,18,26
2021020611,20212022,R,2022-04-19T02:00:00Z,2022-04-19T04:39:37Z,Final,9,55
2021020612,20212022,R,2022-01-08T00:00:00Z,2022-01-08T02:39:00Z,Final,20,12
2021020613,20212022,R,2022-01-08T01:00:00Z,2022-01-08T03:29:45Z,Final,15,19
2021020614,20212022,R,2022-02-13T17:30:00Z,2022-02-13T19:57:39Z,Final,7,8
2021020615,20212022,R,2022-01-09T00:00:00Z,2022-01-09T02:42:59Z,Final,6,14
2021020616,20212022,R,2022-01-09T00:00:00Z,2022-01-09T02:39:44Z,Final,28,4
2021020617,20212022,R,2022-01-09T00:00:00Z,2022-01-09T02:45:54Z,Final,13,12
2021020618,20212022,R,2022-01-09T00:00:00Z,2022-01-09T02:49:25Z,Final,1,29
2021020619,20212022,R,2022-01-08T19:00:00Z,2022-01-08T21:36:10Z,Final,5,25
2021020620,20212022,R,2022-01-09T01:00:00Z,2022-01-09T04:01:38Z,Final,15,30
2021020621,20212022,R,2022-02-18T01:00:00Z,2022-02-18T03:31:11Z,Final,55,52
2021020622,20212022,R,2022-01-09T00:00:00Z,2022-01-09T02:49:53Z,Final,10,21
2021020623,20212022,R,2022-02-12T02:00:00Z,2022-02-12T04:29:43Z,Final,2,22
2021020624,20212022,R,2022-01-09T01:00:00Z,2022-01-09T03:51:27Z,Final,18,53
2021020625,20212022,R,2022-04-20T02:00:00Z,2022-04-20T04:38:24Z,Final,9,23
2021020626,20212022,R,2022-01-09T03:00:00Z,2022-01-09T05:28:09Z,Final,16,54
2021020627,20212022,R,2022-01-09T03:00:00Z,2022-01-09T05:37:58Z,Final,3,24
2021020628,20212022,R,2022-01-09T03:30:00Z,2022-01-09T06:10:14Z,Final,17,26
2021020629,20212022,R,2022-01-09T19:00:00Z,2022-01-09T21:30:37Z,Final,25,19
2021020630,20212022,R,2022-02-12T17:30:00Z,2022-02-12T20:06:47Z,Final,29,8
2021020631,20212022,R,2022-02-16T00:00:00Z,2022-02-16T02:41:26Z,Final,14,1
2021020632,20212022,R,2022-01-11T00:00:00Z,2022-01-11T02:47:23Z,Final,6,15
2021020633,20212022,R,2022-02-17T00:00:00Z,2022-02-17T02:35:35Z,Final,30,52
2021020634,20212022,R,2022-01-11T02:00:00Z,2022-01-11T04:35:47Z,Final,55,21
2021020635,20212022,R,2022-01-16T03:00:00Z,2022-01-16T05:38:15Z,Final,9,22
2021020636,20212022,R,2022-01-11T03:30:00Z,2022-01-11T05:57:41Z,Final,3,26
2021020637,20212022,R,2022-01-12T00:00:00Z,2022-01-12T02:37:14Z,Final,14,7
2021020638,20212022,R,2022-01-12T00:00:00Z,2022-01-12T02:44:02Z,Final,23,13
2021020639,20212022,R,2022-02-21T20:00:00Z,2022-02-21T22:50:45Z,Final,12,4
2021020640,20212022,R,2022-01-12T00:00:00Z,2022-01-12T02:26:02Z,Final,16,29
2021020641,20212022,R,2022-01-12T01:00:00Z,2022-01-12T03:52:33Z,Final,21,18
2021020642,20212022,R,2022-02-13T03:00:00Z,2022-02-13T05:38:57Z,Final,2,20
2021020643,20212022,R,2022-01-12T03:00:00Z,2022-01-12T05:46:43Z,Final,10,54
2021020644,20212022,R,2022-01-12T03:00:00Z,2022-01-12T05:34:47Z,Final,5,24
2021020645,20212022,R,2022-01-12T03:30:00Z,2022-01-12T06:00:43Z,Final,17,28
2021020646,20212022,R,2022-03-21T23:00:00Z,2022-03-22T01:39:07Z,Final,6,8
2021020647,20212022,R,2022-01-13T01:30:00Z,2022-01-13T04:08:29Z,Final,55,25
2021020648,20212022,R,2022-02-21T01:00:00Z,2022-02-21T03:31:15Z,Final,30,22
2021020649,20212022,R,2022-01-13T03:00:00Z,2022-01-13T05:25:02Z,Final,10,53
